uct_time,launch_name,payloads,rocket_name,rocket_boosters,rocket_height,rocket_diameter,rocket_mass,launchpad_name,launchpad_region,launchpad_geo,landpad_name,landpad_type,landpad_region,landpad_geo,outcome
2006-03-24 22:30:00+00:00,FalconSat,"[{'type': 'Satellite', 'mass': 20, 'orbit': 'LEO'}]",Falcon 1,0,22.25,1.68,30146.0,Kwajalein Atoll,Marshall Islands,"(9.0477206, 167.7431292)",,,,"(nan, nan)",Failure
2007-03-21 01:10:00+00:00,DemoSat,"[{'type': 'Satellite', 'mass': None, 'orbit': 'LEO'}]",Falcon 1,0,22.25,1.68,30146.0,Kwajalein Atoll,Marshall Islands,"(9.0477206, 167.7431292)",,,,"(nan, nan)",Failure
2008-08-03 03:34:00+00:00,Trailblazer,"[{'type': 'Satellite', 'mass': None, 'orbit': 'LEO'}, {'type': 'Satellite', 'mass': None, 'orbit': 'LEO'}]",Falcon 1,0,22.25,1.68,556404.5416666666,Kwajalein Atoll,Marshall Islands,"(9.0477206, 167.7431292)",,,,"(nan, nan)",Failure
2008-09-28 23:15:00+00:00,RatSat,"[{'type': 'Satellite', 'mass': 165, 'orbit': 'LEO'}]",Falcon 1,0,22.25,1.68,556404.5416666666,Kwajalein Atoll,Marshall Islands,"(9.0477206, 167.7431292)",,,,"(nan, nan)",Success
2009-07-13 03:35:00+00:00,RazakSat,"[{'type': 'Satellite', 'mass': 200, 'orbit': 'LEO'}]",Falcon 1,0,22.25,1.68,30146.0,Kwajalein Atoll,Marshall Islands,"(9.0477206, 167.7431292)",,,,"(nan, nan)",Success
2010-06-04 18:45:00+00:00,Falcon 9 Test Flight,"[{'type': 'Dragon Boilerplate', 'mass': None, 'orbit': 'LEO'}]",Falcon 9,0,70.0,3.7,549054.0,CCSFS SLC 40,Florida,"(28.5618571, -80.577366)",,,,"(nan, nan)",Success
2010-12-08 15:43:00+00:00,COTS 1,"[{'type': 'Dragon 1.0', 'mass': None, 'orbit': 'LEO'}, {'type': 'Satellite', 'mass': None, 'orbit': 'LEO'}]",Falcon 9,0,70.0,3.806944444444444,556404.5416666666,CCSFS SLC 40,Florida,"(28.5618571, -80.577366)",,,,"(nan, nan)",Success
2012-05-22 07:44:00+00:00,COTS 2,"[{'type': 'Dragon 1.0', 'mass': 525, 'orbit': 'LEO'}]",Falcon 9,0,70.0,3.806944444444444,549054.0,CCSFS SLC 40,Florida,"(28.5618571, -80.577366)",,,,"(nan, nan)",Success
2012-10-08 00:35:00+00:00,CRS-1,"[{'type': 'Dragon 1.0', 'mass': 4700, 'orbit': 'ISS'}, {'type': 'Dragon 1.0', 'mass': 400, 'orbit': 'LEO'}]",Falcon 9,0,70.0,3.7,549054.0,CCSFS SLC 40,Florida,"(28.5618571, -80.577366)",,,,"(nan, nan)",Success
2013-03-01 19:10:00+00:00,CRS-2,"[{'type': 'Dragon 1.0', 'mass': 4877, 'orbit': 'ISS'}]",Falcon 9,0,70.0,3.7,556404.5416666666,CCSFS SLC 40,Florida,"(28.5618571, -80.577366)",,,,"(nan, nan)",Success
2013-09-29 16:00:00+00:00,CASSIOPE,"[{'type': 'Satellite', 'mass': 500, 'orbit': 'PO'}]",Falcon 9,0,70.0,3.7,549054.0,VAFB SLC 4E,California,"(34.632093, -120.610829)",,Ocean,,"(nan, nan)",Success
2013-12-03 22:41:00+00:00,SES-8,"[{'type': 'Satellite', 'mass': 3170, 'orbit': 'GTO'}]",Falcon 9,0,70.0,3.7,549054.0,CCSFS SLC 40,Florida,"(28.5618571, -80.577366)",,,,"(nan, nan)",Success
2014-01-06 18:06:00+00:00,Thaicom 6,"[{'type': 'Satellite', 'mass': 3325, 'orbit': 'GTO'}]",Falcon 9,0,70.0,3.7,549054.0,CCSFS SLC 40,Florida,"(28.5618571, -80.577366)",,,,"(nan, nan)",Success
2014-04-18 19:25:00+00:00,CRS-3,"[{'type': 'Dragon 1.1', 'mass': 2296, 'orbit': 'ISS'}]",Falcon 9,0,70.0,3.7,549054.0,CCSFS SLC 40,Florida,"(28.5618571, -80.577366)",,Ocean,,"(nan, nan)",Success
2014-07-14 15:15:00+00:00,OG-2 Mission 1,"[{'type': 'Satellite', 'mass': 1316, 'orbit': 'LEO'}]",Falcon 9,0,70.0,3.806944444444444,556404.5416666666,CCSFS SLC 40,Florida,"(28.5618571, -80.577366)",,Ocean,,"(nan, nan)",Success
2014-08-05 08:00:00+00:00,AsiaSat 8,"[{'type': 'Satellite', 'mass': 4535, 'orbit': 'GTO'}]",Falcon 9,0,70.0,3.7,549054.0,CCSFS SLC 40,Florida,"(28.5618571, -80.577366)",,,,"(nan, nan)",Success
2014-09-07 05:00:00+00:00,AsiaSat 6,"[{'type': 'Satellite', 'mass': 4428, 'orbit': 'GTO'}]",Falcon 9,0,70.0,3.7,549054.0,CCSFS SLC 40,Florida,"(28.5618571, -80.577366)",,,,"(nan, nan)",Success
2014-09-21 05:52:00+00:00,CRS-4,"[{'type': 'Dragon 1.1', 'mass': 2216, 'orbit': 'ISS'}]",Falcon 9,0,70.0,3.7,549054.0,CCSFS SLC 40,Florida,"(28.5618571, -80.577366)",,Ocean,,"(nan, nan)",Success
2015-01-10 09:47:00+00:00,CRS-5,"[{'type': 'Dragon 1.1', 'mass': 2395, 'orbit': 'ISS'}]",Falcon 9,0,70.0,3.7,549054.0,CCSFS SLC 40,Florida,"(28.5618571, -80.577366)",JRTI-1,ASDS,Florida,"(28.4104, -80.6188)",Success
2015-02-11 23:03:00+00:00,DSCOVR,"[{'type': 'Satellite', 'mass': 570, 'orbit': 'ES-L1'}]",Falcon 9,0,70.0,3.806944444444444,556404.5416666666,CCSFS SLC 40,Florida,"(28.5618571, -80.577366)",,Ocean,,"(nan, nan)",Success
2015-03-02 03:50:00+00:00,ABS-3A / Eutelsat 115W B,"[{'type': 'Satellite', 'mass': 4159, 'orbit': 'GTO'}]",Falcon 9,0,70.0,3.7,549054.0,CCSFS SLC 40,Florida,"(28.5618571, -80.577366)",,,,"(nan, nan)",Success
2015-04-14 20:10:00+00:00,CRS-6,"[{'type': 'Dragon 1.1', 'mass': 1898, 'orbit': 'ISS'}]",Falcon 9,0,70.0,3.7,549054.0,CCSFS SLC 40,Florida,"(28.5618571, -80.577366)",JRTI-1,ASDS,Florida,"(28.4104, -80.6188)",Success
2015-04-27 23:03:00+00:00,TürkmenÄlem 52°E / MonacoSAT,"[{'type': 'Satellite', 'mass': 4707, 'orbit': 'GTO'}]",Falcon 9,0,70.0,3.806944444444444,549054.0,CCSFS SLC 40,Florida,"(28.5618571, -80.577366)",,,,"(nan, nan)",Success
2015-06-28 14:21:00+00:00,CRS-7,"[{'type': 'Dragon 1.1', 'mass': 1952, 'orbit': 'ISS'}]",Falcon 9,0,70.0,3.7,556404.5416666666,CCSFS SLC 40,Florida,"(28.5618571, -80.577366)",OCISLY,ASDS,California,"(33.7291858, -118.262015)",Failure
2015-12-22 01:29:00+00:00,OG-2 Mission 2,"[{'type': 'Satellite', 'mass': 2034, 'orbit': 'LEO'}]",Falcon 9,0,70.0,3.7,549054.0,CCSFS SLC 40,Florida,"(28.5618571, -80.577366)",LZ-1,RTLS,Florida,"(28.485833, -80.544444)",Success
2016-01-17 15:42:00+00:00,Jason 3,"[{'type': 'Satellite', 'mass': 553, 'orbit': 'PO'}]",Falcon 9,0,70.0,3.7,549054.0,VAFB SLC 4E,California,"(34.632093, -120.610829)",JRTI,ASDS,Florida,"(28.4104, -80.6188)",Success
2016-03-04 23:35:00+00:00,SES-9,"[{'type': 'Satellite', 'mass': 5271, 'orbit': 'GTO'}]",Falcon 9,0,70.0,3.7,549054.0,CCSFS SLC 40,Florida,"(28.5618571, -80.577366)",OCISLY,ASDS,California,"(33.7291858, -118.262015)",Success
2016-04-08 20:43:00+00:00,CRS-8,"[{'type': 'Dragon 1.1', 'mass': 3136, 'orbit': 'ISS'}]",Falcon 9,0,70.0,3.7,549054.0,CCSFS SLC 40,Florida,"(28.5618571, -80.577366)",OCISLY,ASDS,California,"(33.7291858, -118.262015)",Success
2016-05-06 05:21:00+00:00,JCSAT-2B,"[{'type': 'Satellite', 'mass': 4696, 'orbit': 'GTO'}]",Falcon 9,0,70.0,3.7,549054.0,CCSFS SLC 40,Florida,"(28.5618571, -80.577366)",OCISLY,ASDS,California,"(33.7291858, -118.262015)",Success
2016-05-27 21:39:00+00:00,Thaicom 8,"[{'type': 'Satellite', 'mass': 3100, 'orbit': 'GTO'}]",Falcon 9,0,70.0,3.806944444444444,549054.0,CCSFS SLC 40,Florida,"(28.5618571, -80.577366)",OCISLY,ASDS,,"(33.7291858, -118.262015)",Success
2016-06-15 14:29:00+00:00,ABS-2A / Eutelsat 117W B,"[{'type': 'Satellite', 'mass': 3600, 'orbit': 'GTO'}]",Falcon 9,0,70.0,3.7,556404.5416666666,CCSFS SLC 40,Florida,"(28.5618571, -80.577366)",OCISLY,ASDS,,"(33.7291858, -118.262015)",Success
2016-07-18 04:45:00+00:00,CRS-9,"[{'type': 'Dragon 1.1', 'mass': 2257, 'orbit': 'ISS'}]",Falcon 9,0,70.0,3.806944444444444,556404.5416666666,CCSFS SLC 40,Florida,"(28.5618571, -80.577366)",LZ-1,RTLS,,"(28.485833, -80.544444)",Success
2016-08-14 05:26:00+00:00,JCSAT-16,"[{'type': 'Satellite', 'mass': 4600, 'orbit': 'GTO'}]",Falcon 9,0,70.0,3.806944444444444,549054.0,CCSFS SLC 40,Florida,"(28.5618571, -80.577366)",OCISLY,ASDS,California,"(33.7291858, -118.262015)",Success
2016-09-01 13:07:00+00:00,Amos-6,"[{'type': 'Satellite', 'mass': 5500, 'orbit': 'GTO'}]",Falcon 9,0,70.0,3.7,549054.0,CCSFS SLC 40,Florida,"(28.5618571, -80.577366)",OCISLY,ASDS,California,"(33.7291858, -118.262015)",Failure
2017-01-14 17:54:00+00:00,Iridium NEXT Mission 1,"[{'type': 'Satellite', 'mass': 9600, 'orbit': 'PO'}]",Falcon 9,0,70.0,3.7,549054.0,VAFB SLC 4E,California,"(34.632093, -120.610829)",JRTI,ASDS,,"(28.4104, -80.6188)",Success
2017-02-19 14:39:00+00:00,CRS-10,"[{'type': 'Dragon 1.1', 'mass': 2490, 'orbit': 'ISS'}]",Falcon 9,0,70.0,3.7,549054.0,KSC LC 39A,Florida,"(28.6080585, -80.6039558)",LZ-1,RTLS,Florida,"(28.485833, -80.544444)",Success
2017-03-16 06:00:00+00:00,EchoStar 23,"[{'type': 'Satellite', 'mass': 5600, 'orbit': 'GTO'}]",Falcon 9,0,70.0,3.7,556404.5416666666,KSC LC 39A,Florida,"(28.6080585, -80.6039558)",,,,"(nan, nan)",Success
2017-03-30 22:27:00+00:00,SES-10,"[{'type': 'Satellite', 'mass': 5300, 'orbit': 'GTO'}]",Falcon 9,0,70.0,3.7,549054.0,KSC LC 39A,Florida,"(28.6080585, -80.6039558)",OCISLY,ASDS,,"(33.7291858, -118.262015)",Success
2017-05-01 11:15:00+00:00,NROL-76,"[{'type': 'Satellite', 'mass': None, 'orbit': 'LEO'}]",Falcon 9,0,70.0,3.806944444444444,556404.5416666666,KSC LC 39A,Florida,"(28.6080585, -80.6039558)",LZ-1,RTLS,Florida,"(28.485833, -80.544444)",Success
2017-05-15 23:21:00+00:00,Inmarsat-5 F4,"[{'type': 'Satellite', 'mass': 6070, 'orbit': 'GTO'}]",Falcon 9,0,70.0,3.7,556404.5416666666,KSC LC 39A,Florida,"(28.6080585, -80.6039558)",,,,"(nan, nan)",Success
2017-06-03 21:07:00+00:00,CRS-11,"[{'type': 'Dragon 1.1', 'mass': 2708, 'orbit': 'ISS'}]",Falcon 9,0,70.0,3.7,549054.0,KSC LC 39A,Florida,"(28.6080585, -80.6039558)",LZ-1,RTLS,Florida,"(28.485833, -80.544444)",Success
2017-06-23 19:10:00+00:00,BulgariaSat-1,"[{'type': 'Satellite', 'mass': 3669, 'orbit': 'GTO'}]",Falcon 9,0,70.0,3.7,549054.0,KSC LC 39A,Florida,"(28.6080585, -80.6039558)",OCISLY,ASDS,California,"(33.7291858, -118.262015)",Success
2017-06-25 20:25:00+00:00,Iridium NEXT Mission 2,"[{'type': 'Satellite', 'mass': 9600, 'orbit': 'PO'}]",Falcon 9,0,70.0,3.7,549054.0,VAFB SLC 4E,California,"(34.632093, -120.610829)",JRTI,ASDS,Florida,"(28.4104, -80.6188)",Success
2017-07-05 23:35:00+00:00,Intelsat 35e,"[{'type': 'Satellite', 'mass': 6761, 'orbit': 'GTO'}]",Falcon 9,0,70.0,3.7,556404.5416666666,KSC LC 39A,Florida,"(28.6080585, -80.6039558)",,,,"(nan, nan)",Success
2017-08-14 16:31:00+00:00,CRS-12,"[{'type': 'Dragon 1.1', 'mass': 3310, 'orbit': 'ISS'}]",Falcon 9,0,70.0,3.806944444444444,549054.0,KSC LC 39A,Florida,"(28.6080585, -80.6039558)",LZ-1,RTLS,,"(28.485833, -80.544444)",Success
2017-08-24 18:50:00+00:00,FormoSat-5,"[{'type': 'Satellite', 'mass': 5875, 'orbit': 'SSO'}]",Falcon 9,0,70.0,3.7,549054.0,VAFB SLC 4E,California,"(34.632093, -120.610829)",JRTI,ASDS,Florida,"(28.4104, -80.6188)",Success
2017-09-07 13:50:00+00:00,Boeing X-37B OTV-5,"[{'type': 'Satellite', 'mass': 4990, 'orbit': 'LEO'}]",Falcon 9,0,70.0,3.806944444444444,549054.0,KSC LC 39A,Florida,"(28.6080585, -80.6039558)",LZ-1,RTLS,,"(28.485833, -80.544444)",Success
2017-10-09 12:37:00+00:00,Iridium NEXT Mission 3,"[{'type': 'Satellite', 'mass': 9600, 'orbit': 'PO'}]",Falcon 9,0,70.0,3.7,556404.5416666666,VAFB SLC 4E,California,"(34.632093, -120.610829)",JRTI,ASDS,Florida,"(28.4104, -80.6188)",Success
2017-10-11 22:53:00+00:00,SES-11 / Echostar 105,"[{'type': 'Satellite', 'mass': 5200, 'orbit': 'GTO'}]",Falcon 9,0,70.0,3.7,556404.5416666666,KSC LC 39A,Florida,"(28.6080585, -80.6039558)",OCISLY,ASDS,California,"(33.7291858, -118.262015)",Success
2017-10-30 19:34:00+00:00,KoreaSat 5A,"[{'type': 'Satellite', 'mass': 3700, 'orbit': 'GTO'}]",Falcon 9,0,70.0,3.806944444444444,549054.0,KSC LC 39A,Florida,"(28.6080585, -80.6039558)",OCISLY,ASDS,California,"(33.7291858, -118.262015)",Success
2017-12-15 15:36:00+00:00,CRS-13,"[{'type': 'Dragon 1.1', 'mass': 2205, 'orbit': 'ISS'}]",Falcon 9,0,70.0,3.7,556404.5416666666,CCSFS SLC 40,Florida,"(28.5618571, -80.577366)",LZ-1,RTLS,Florida,"(28.485833, -80.544444)",Success
2017-12-23 01:27:23+00:00,Iridium NEXT Mission 4,"[{'type': 'Satellite', 'mass': 9600, 'orbit': 'PO'}]",Falcon 9,0,70.0,3.7,549054.0,VAFB SLC 4E,California,"(34.632093, -120.610829)",,Ocean,,"(nan, nan)",Success
2018-01-08 01:00:00+00:00,ZUMA,"[{'type': 'Satellite', 'mass': None, 'orbit': 'LEO'}]",Falcon 9,0,70.0,3.806944444444444,549054.0,CCSFS SLC 40,Florida,"(28.5618571, -80.577366)",LZ-1,RTLS,Florida,"(28.485833, -80.544444)",Success
2018-01-31 21:25:00+00:00,SES-16 / GovSat-1,"[{'type': 'Satellite', 'mass': 4230, 'orbit': 'GTO'}]",Falcon 9,0,70.0,3.7,556404.5416666666,CCSFS SLC 40,Florida,"(28.5618571, -80.577366)",,Ocean,,"(nan, nan)",Success
2018-02-06 20:45:00+00:00,Falcon Heavy Test Flight,"[{'type': 'Satellite', 'mass': 1350, 'orbit': 'HCO'}]",Falcon Heavy,2,70.0,12.2,1420788.0,KSC LC 39A,Florida,"(28.6080585, -80.6039558)",OCISLY,ASDS,California,"(33.7291858, -118.262015)",Success
2018-02-22 14:17:00+00:00,Paz / Starlink Demo,"[{'type': 'Satellite', 'mass': 2150, 'orbit': 'SSO'}]",Falcon 9,0,70.0,3.7,549054.0,VAFB SLC 4E,California,"(34.632093, -120.610829)",,,,"(nan, nan)",Success
2018-03-06 05:33:00+00:00,Hispasat 30W-6,"[{'type': 'Satellite', 'mass': 6092, 'orbit': 'GTO'}]",Falcon 9,0,70.0,3.7,549054.0,CCSFS SLC 40,Florida,"(28.5618571, -80.577366)",,,,"(nan, nan)",Success
2018-03-30 14:13:51+00:00,Iridium NEXT Mission 5,"[{'type': 'Satellite', 'mass': 9600, 'orbit': 'PO'}]",Falcon 9,0,70.0,3.806944444444444,549054.0,VAFB SLC 4E,California,"(34.632093, -120.610829)",,,,"(nan, nan)",Success
2018-04-02 20:30:41+00:00,CRS-14,"[{'type': 'Dragon 1.1', 'mass': 2647, 'orbit': 'ISS'}]",Falcon 9,0,70.0,3.7,556404.5416666666,CCSFS SLC 40,Florida,"(28.5618571, -80.577366)",,,,"(nan, nan)",Success
2018-04-18 22:51:00+00:00,TESS,"[{'type': 'Satellite', 'mass': 362, 'orbit': 'HEO'}]",Falcon 9,0,70.0,3.806944444444444,549054.0,CCSFS SLC 40,Florida,"(28.5618571, -80.577366)",OCISLY,ASDS,California,"(33.7291858, -118.262015)",Success
2018-05-11 20:14:00+00:00,Bangabandhu-1,"[{'type': 'Satellite', 'mass': 3750, 'orbit': 'GTO'}]",Falcon 9,0,70.0,3.7,549054.0,KSC LC 39A,Florida,"(28.6080585, -80.6039558)",OCISLY,ASDS,California,"(33.7291858, -118.262015)",Success
2018-05-22 19:47:58+00:00,Iridium NEXT Mission 6,"[{'type': 'Satellite', 'mass': 6460, 'orbit': 'PO'}]",Falcon 9,0,70.0,3.806944444444444,556404.5416666666,VAFB SLC 4E,California,"(34.632093, -120.610829)",,,,"(nan, nan)",Success
2018-06-04 04:45:00+00:00,SES-12,"[{'type': 'Satellite', 'mass': 5383.85, 'orbit': 'GTO'}]",Falcon 9,0,70.0,3.806944444444444,556404.5416666666,CCSFS SLC 40,Florida,"(28.5618571, -80.577366)",,,,"(nan, nan)",Success
2018-06-29 09:42:00+00:00,CRS-15,"[{'type': 'Dragon 1.1', 'mass': 2410, 'orbit': 'ISS'}]",Falcon 9,0,70.0,3.806944444444444,556404.5416666666,CCSFS SLC 40,Florida,"(28.5618571, -80.577366)",,,,"(nan, nan)",Success
2018-07-22 05:50:00+00:00,Telstar 19V,"[{'type': 'Satellite', 'mass': 7076, 'orbit': 'GTO'}]",Falcon 9,0,70.0,3.7,556404.5416666666,CCSFS SLC 40,Florida,"(28.5618571, -80.577366)",OCISLY,ASDS,California,"(33.7291858, -118.262015)",Success
2018-07-25 11:39:26+00:00,Iridium NEXT Mission 7,"[{'type': 'Satellite', 'mass': 9600, 'orbit': 'PO'}]",Falcon 9,0,70.0,3.806944444444444,549054.0,VAFB SLC 4E,California,"(34.632093, -120.610829)",JRTI,ASDS,Florida,"(28.4104, -80.6188)",Success
2018-08-07 05:18:00+00:00,Merah Putih,"[{'type': 'Satellite', 'mass': 5800, 'orbit': 'GTO'}]",Falcon 9,0,70.0,3.7,549054.0,CCSFS SLC 40,Florida,"(28.5618571, -80.577366)",OCISLY,ASDS,California,"(33.7291858, -118.262015)",Success
2018-09-10 04:45:00+00:00,Telstar 18V,"[{'type': 'Satellite', 'mass': 7060, 'orbit': 'GTO'}]",Falcon 9,0,70.0,3.7,556404.5416666666,CCSFS SLC 40,Florida,"(28.5618571, -80.577366)",OCISLY,ASDS,,"(33.7291858, -118.262015)",Success
2018-10-08 02:22:00+00:00,SAOCOM 1A,"[{'type': 'Satellite', 'mass': 2800, 'orbit': 'SSO'}]",Falcon 9,0,70.0,3.7,549054.0,VAFB SLC 4E,California,"(34.632093, -120.610829)",LZ-4,RTLS,,"(34.632989, -120.615167)",Success
2018-11-15 20:46:00+00:00,Es’hail 2,"[{'type': 'Satellite', 'mass': 5300, 'orbit': 'GTO'}]",Falcon 9,0,70.0,3.806944444444444,549054.0,KSC LC 39A,Florida,"(28.6080585, -80.6039558)",OCISLY,ASDS,California,"(33.7291858, -118.262015)",Success
2018-12-03 18:34:00+00:00,SSO-A,"[{'type': 'Satellite', 'mass': 4000, 'orbit': 'SSO'}]",Falcon 9,0,70.0,3.7,556404.5416666666,VAFB SLC 4E,California,"(34.632093, -120.610829)",JRTI,ASDS,Florida,"(28.4104, -80.6188)",Success
2018-12-05 18:16:00+00:00,CRS-16,"[{'type': 'Dragon 1.1', 'mass': 2573, 'orbit': 'ISS'}]",Falcon 9,0,70.0,3.7,549054.0,CCSFS SLC 40,Florida,"(28.5618571, -80.577366)",LZ-1,RTLS,Florida,"(28.485833, -80.544444)",Success
2018-12-23 13:51:00+00:00,GPS III SV01,"[{'type': 'Satellite', 'mass': 4400, 'orbit': 'MEO'}]",Falcon 9,0,70.0,3.7,556404.5416666666,CCSFS SLC 40,Florida,"(28.5618571, -80.577366)",,,,"(nan, nan)",Success
2019-01-11 15:31:00+00:00,Iridium NEXT Mission 8,"[{'type': 'Satellite', 'mass': 9600, 'orbit': 'PO'}]",Falcon 9,0,70.0,3.7,549054.0,VAFB SLC 4E,California,"(34.632093, -120.610829)",JRTI,ASDS,,"(28.4104, -80.6188)",Success
2019-02-22 01:45:00+00:00,Nusantara Satu (PSN-6) / S5 / Beresheet,"[{'type': 'Satellite', 'mass': 5645, 'orbit': 'GTO'}]",Falcon 9,0,70.0,3.7,556404.5416666666,CCSFS SLC 40,Florida,"(28.5618571, -80.577366)",OCISLY,ASDS,California,"(33.7291858, -118.262015)",Success
2019-03-02 07:45:00+00:00,CCtCap Demo Mission 1,"[{'type': 'Crew Dragon', 'mass': 12259, 'orbit': 'ISS'}]",Falcon 9,0,70.0,3.7,549054.0,KSC LC 39A,Florida,"(28.6080585, -80.6039558)",OCISLY,ASDS,,"(33.7291858, -118.262015)",Success
2019-04-11 22:35:00+00:00,ArabSat 6A,"[{'type': 'Satellite', 'mass': 6465, 'orbit': 'GTO'}]",Falcon Heavy,2,70.0,12.2,1420788.0,KSC LC 39A,Florida,"(28.6080585, -80.6039558)",OCISLY,ASDS,California,"(33.7291858, -118.262015)",Success
2019-05-04 06:48:00+00:00,CRS-17,"[{'type': 'Dragon 1.1', 'mass': 2482, 'orbit': 'ISS'}]",Falcon 9,0,70.0,3.806944444444444,549054.0,CCSFS SLC 40,Florida,"(28.5618571, -80.577366)",OCISLY,ASDS,,"(33.7291858, -118.262015)",Success
2019-05-24 02:30:00+00:00,Starlink v0.9,"[{'type': 'Satellite', 'mass': 13620, 'orbit': 'VLEO'}]",Falcon 9,0,70.0,3.7,556404.5416666666,CCSFS SLC 40,Florida,"(28.5618571, -80.577366)",OCISLY,ASDS,California,"(33.7291858, -118.262015)",Success
2019-06-12 14:17:00+00:00,RADARSAT Constellation,"[{'type': 'Satellite', 'mass': 1425, 'orbit': 'SSO'}]",Falcon 9,0,70.0,3.806944444444444,556404.5416666666,VAFB SLC 4E,California,"(34.632093, -120.610829)",LZ-4,RTLS,California,"(34.632989, -120.615167)",Success
2019-06-25 03:30:00+00:00,STP-2,"[{'type': 'Satellite', 'mass': 2841, 'orbit': 'LEO'}]",Falcon Heavy,2,70.0,12.2,556404.5416666666,KSC LC 39A,Florida,"(28.6080585, -80.6039558)",OCISLY,ASDS,,"(33.7291858, -118.262015)",Success
2019-07-25 22:01:00+00:00,CRS-18,"[{'type': 'Dragon 1.1', 'mass': 2227.7, 'orbit': 'ISS'}]",Falcon 9,0,70.0,3.7,549054.0,CCSFS SLC 40,Florida,"(28.5618571, -80.577366)",LZ-1,RTLS,Florida,"(28.485833, -80.544444)",Success
2019-08-06 22:52:00+00:00,Amos-17,"[{'type': 'Satellite', 'mass': 6500, 'orbit': 'GTO'}]",Falcon 9,0,70.0,3.806944444444444,556404.5416666666,CCSFS SLC 40,Florida,"(28.5618571, -80.577366)",,,,"(nan, nan)",Success
2019-11-11 14:56:00+00:00,Starlink-1,"[{'type': 'Satellite', 'mass': 15600, 'orbit': 'VLEO'}]",Falcon 9,0,70.0,3.7,549054.0,CCSFS SLC 40,Florida,"(28.5618571, -80.577366)",OCISLY,ASDS,,"(33.7291858, -118.262015)",Success
2019-12-05 17:29:23+00:00,CRS-19,"[{'type': 'Dragon 1.1', 'mass': 2617, 'orbit': 'ISS'}]",Falcon 9,0,70.0,3.7,556404.5416666666,CCSFS SLC 40,Florida,"(28.5618571, -80.577366)",OCISLY,ASDS,California,"(33.7291858, -118.262015)",Success
2019-12-17 00:10:00+00:00,JCSat 18 / Kacific 1,"[{'type': 'Satellite', 'mass': 6956, 'orbit': 'GTO'}]",Falcon 9,0,70.0,3.7,556404.5416666666,CCSFS SLC 40,Florida,"(28.5618571, -80.577366)",OCISLY,ASDS,,"(33.7291858, -118.262015)",Success
2020-01-07 02:19:00+00:00,Starlink-2,"[{'type': 'Satellite', 'mass': 15600, 'orbit': 'VLEO'}]",Falcon 9,0,70.0,3.806944444444444,556404.5416666666,CCSFS SLC 40,Florida,"(28.5618571, -80.577366)",OCISLY,ASDS,California,"(33.7291858, -118.262015)",Success
2020-01-19 14:00:00+00:00,Crew Dragon In Flight Abort Test,"[{'type': 'Crew Dragon', 'mass': 12050, 'orbit': 'SO'}]",Falcon 9,0,70.0,3.7,549054.0,KSC LC 39A,Florida,"(28.6080585, -80.6039558)",,,,"(nan, nan)",Success
2020-01-29 14:06:00+00:00,Starlink-3,"[{'type': 'Satellite', 'mass': 15600, 'orbit': 'VLEO'}]",Falcon 9,0,70.0,3.806944444444444,556404.5416666666,CCSFS SLC 40,Florida,"(28.5618571, -80.577366)",OCISLY,ASDS,California,"(33.7291858, -118.262015)",Success
2020-02-17 15:05:55+00:00,Starlink-4,"[{'type': 'Satellite', 'mass': 15600, 'orbit': 'VLEO'}]",Falcon 9,0,70.0,3.806944444444444,549054.0,CCSFS SLC 40,Florida,"(28.5618571, -80.577366)",OCISLY,ASDS,California,"(33.7291858, -118.262015)",Success
2020-03-07 04:50:31+00:00,CRS-20,"[{'type': 'Dragon 1.1', 'mass': 1977, 'orbit': 'ISS'}]",Falcon 9,0,70.0,3.7,549054.0,CCSFS SLC 40,Florida,"(28.5618571, -80.577366)",LZ-1,RTLS,Florida,"(28.485833, -80.544444)",Success
2020-03-18 12:16:00+00:00,Starlink-5,"[{'type': 'Satellite', 'mass': 15600, 'orbit': 'VLEO'}]",Falcon 9,0,70.0,3.7,556404.5416666666,KSC LC 39A,Florida,"(28.6080585, -80.6039558)",OCISLY,ASDS,California,"(33.7291858, -118.262015)",Success
2020-04-22 19:30:00+00:00,Starlink-6,"[{'type': 'Satellite', 'mass': 15600, 'orbit': 'VLEO'}]",Falcon 9,0,70.0,3.7,549054.0,KSC LC 39A,Florida,"(28.6080585, -80.6039558)",OCISLY,ASDS,California,"(33.7291858, -118.262015)",Success
2020-05-30 19:22:00+00:00,CCtCap Demo Mission 2,"[{'type': 'Crew Dragon', 'mass': 12530, 'orbit': 'ISS'}]",Falcon 9,0,70.0,3.7,556404.5416666666,KSC LC 39A,Florida,"(28.6080585, -80.6039558)",OCISLY,ASDS,California,"(33.7291858, -118.262015)",Success
2020-06-04 01:25:00+00:00,Starlink-7,"[{'type': 'Satellite', 'mass': 15600, 'orbit': 'VLEO'}]",Falcon 9,0,70.0,3.806944444444444,549054.0,CCSFS SLC 40,Florida,"(28.5618571, -80.577366)",JRTI,ASDS,Florida,"(28.4104, -80.6188)",Success
2020-06-13 09:21:00+00:00,Starlink-8 & SkySat 16-18,"[{'type': 'Satellite', 'mass': 15410, 'orbit': 'VLEO'}]",Falcon 9,0,70.0,3.7,556404.5416666666,CCSFS SLC 40,Florida,"(28.5618571, -80.577366)",OCISLY,ASDS,California,"(33.7291858, -118.262015)",Success
2020-06-30 19:55:00+00:00,GPS III SV03 (Columbus),"[{'type': 'Satellite', 'mass': 4311, 'orbit': 'MEO'}]",Falcon 9,0,70.0,3.7,549054.0,CCSFS SLC 40,Florida,"(28.5618571, -80.577366)",JRTI,ASDS,,"(28.4104, -80.6188)",Success
2020-07-20 21:30:00+00:00,ANASIS-II,"[{'type': 'Satellite', 'mass': 5500, 'orbit': 'GEO'}]",Falcon 9,0,70.0,3.7,549054.0,CCSFS SLC 40,Florida,"(28.5618571, -80.577366)",JRTI,ASDS,Florida,"(28.4104, -80.6188)",Success
2020-08-07 05:12:00+00:00,Starlink-9 (v1.0) & BlackSky Global 5-6,"[{'type': 'Satellite', 'mass': 15712, 'orbit': 'VLEO'}]",Falcon 9,0,70.0,3.7,549054.0,KSC LC 39A,Florida,"(28.6080585, -80.6039558)",OCISLY,ASDS,California,"(33.7291858, -118.262015)",Success
2020-08-18 14:31:00+00:00,Starlink-10 (v1.0) & SkySat 19-21,"[{'type': 'Satellite', 'mass': 15440, 'orbit': 'VLEO'}]",Falcon 9,0,70.0,3.7,549054.0,CCSFS SLC 40,Florida,"(28.5618571, -80.577366)",OCISLY,ASDS,California,"(33.7291858, -118.262015)",Success
2020-08-30 23:18:00+00:00,"SAOCOM 1B, GNOMES-1, Tyvak-0172","[{'type': 'Satellite', 'mass': 3130, 'orbit': 'SSO'}]",Falcon 9,0,70.0,3.7,549054.0,CCSFS SLC 40,Florida,"(28.5618571, -80.577366)",LZ-1,RTLS,Florida,"(28.485833, -80.544444)",Success
2020-09-03 12:46:00+00:00,Starlink-11 (v1.0),"[{'type': 'Satellite', 'mass': 15600, 'orbit': 'VLEO'}]",Falcon 9,0,70.0,3.7,549054.0,KSC LC 39A,Florida,"(28.6080585, -80.6039558)",OCISLY,ASDS,California,"(33.7291858, -118.262015)",Success
2020-10-06 11:29:00+00:00,Starlink-12 (v1.0),"[{'type': 'Satellite', 'mass': 15600, 'orbit': 'VLEO'}]",Falcon 9,0,70.0,3.806944444444444,549054.0,KSC LC 39A,Florida,"(28.6080585, -80.6039558)",OCISLY,ASDS,California,"(33.7291858, -118.262015)",Success
2020-10-18 12:25:00+00:00,Starlink-13 (v1.0),"[{'type': 'Satellite', 'mass': 15600, 'orbit': 'VLEO'}]",Falcon 9,0,70.0,3.7,549054.0,KSC LC 39A,Florida,"(28.6080585, -80.6039558)",OCISLY,ASDS,,"(33.7291858, -118.262015)",Success
2020-10-24 15:31:00+00:00,Starlink-14 (v1.0),"[{'type': 'Satellite', 'mass': 15600, 'orbit': 'VLEO'}]",Falcon 9,0,70.0,3.7,556404.5416666666,CCSFS SLC 40,Florida,"(28.5618571, -80.577366)",JRTI,ASDS,Florida,"(28.4104, -80.6188)",Success
2020-11-05 23:24:00+00:00,GPS III SV04 (Sacagawea),"[{'type': 'Satellite', 'mass': 3681, 'orbit': 'MEO'}]",Falcon 9,0,70.0,3.7,549054.0,CCSFS SLC 40,Florida,"(28.5618571, -80.577366)",OCISLY,ASDS,,"(33.7291858, -118.262015)",Success
2020-11-16 00:27:00+00:00,Crew-1,"[{'type': 'Crew Dragon', 'mass': 12500, 'orbit': 'ISS'}]",Falcon 9,0,70.0,3.7,556404.5416666666,KSC LC 39A,Florida,"(28.6080585, -80.6039558)",JRTI,ASDS,Florida,"(28.4104, -80.6188)",Success
2020-11-21 17:17:00+00:00,Sentinel-6 Michael Freilich,"[{'type': 'Satellite', 'mass': 1192, 'orbit': 'PO'}]",Falcon 9,0,70.0,3.7,549054.0,VAFB SLC 4E,California,"(34.632093, -120.610829)",LZ-4,RTLS,California,"(34.632989, -120.615167)",Success
2020-11-25 02:13:00+00:00,Starlink-15 (v1.0),"[{'type': 'Satellite', 'mass': 15600, 'orbit': 'VLEO'}]",Falcon 9,0,70.0,3.7,549054.0,CCSFS SLC 40,Florida,"(28.5618571, -80.577366)",OCISLY,ASDS,California,"(33.7291858, -118.262015)",Success
2020-12-06 16:17:00+00:00,CRS-21,"[{'type': 'Dragon 2.0', 'mass': 2972, 'orbit': 'ISS'}]",Falcon 9,0,70.0,3.7,549054.0,KSC LC 39A,Florida,"(28.6080585, -80.6039558)",OCISLY,ASDS,California,"(33.7291858, -118.262015)",Success
2020-12-13 17:30:00+00:00,SXM-7,"[{'type': 'Satellite', 'mass': 7000, 'orbit': 'GTO'}]",Falcon 9,0,70.0,3.7,549054.0,CCSFS SLC 40,Florida,"(28.5618571, -80.577366)",JRTI,ASDS,,"(28.4104, -80.6188)",Success
2020-12-19 14:00:00+00:00,NROL-108,"[{'type': 'Satellite', 'mass': None, 'orbit': None}]",Falcon 9,0,70.0,3.806944444444444,549054.0,KSC LC 39A,Florida,"(28.6080585, -80.6039558)",LZ-1,RTLS,,"(28.485833, -80.544444)",Success
2021-01-08 02:15:00+00:00,Turksat 5A,"[{'type': 'Satellite', 'mass': 3500, 'orbit': 'GTO'}]",Falcon 9,0,70.0,3.7,549054.0,CCSFS SLC 40,Florida,"(28.5618571, -80.577366)",JRTI,ASDS,Florida,"(28.4104, -80.6188)",Success
2021-01-20 13:02:00+00:00,Starlink-16 (v1.0),"[{'type': 'Satellite', 'mass': 15600, 'orbit': 'VLEO'}]",Falcon 9,0,70.0,3.7,549054.0,KSC LC 39A,Florida,"(28.6080585, -80.6039558)",JRTI,ASDS,Florida,"(28.4104, -80.6188)",Success
2021-01-24 15:00:00+00:00,Transporter-1,"[{'type': 'Satellite', 'mass': 5000, 'orbit': 'SSO'}]",Falcon 9,0,70.0,3.7,549054.0,CCSFS SLC 40,Florida,"(28.5618571, -80.577366)",OCISLY,ASDS,California,"(33.7291858, -118.262015)",Success
2021-02-04 06:19:00+00:00,Starlink-18 (v1.0),"[{'type': 'Satellite', 'mass': 15600, 'orbit': 'VLEO'}]",Falcon 9,0,70.0,3.7,549054.0,CCSFS SLC 40,Florida,"(28.5618571, -80.577366)",OCISLY,ASDS,California,"(33.7291858, -118.262015)",Success
2021-02-16 03:59:00+00:00,Starlink-19 (v1.0),"[{'type': 'Satellite', 'mass': 15600, 'orbit': 'VLEO'}]",Falcon 9,0,70.0,3.7,556404.5416666666,CCSFS SLC 40,Florida,"(28.5618571, -80.577366)",OCISLY,ASDS,California,"(33.7291858, -118.262015)",Success
2021-03-04 08:24:00+00:00,Starlink-17 (v1.0),"[{'type': 'Satellite', 'mass': 15600, 'orbit': 'VLEO'}]",Falcon 9,0,70.0,3.7,556404.5416666666,KSC LC 39A,Florida,"(28.6080585, -80.6039558)",OCISLY,ASDS,,"(33.7291858, -118.262015)",Success
2021-03-11 08:13:00+00:00,Starlink-20 (v1.0),"[{'type': 'Satellite', 'mass': 15600, 'orbit': 'VLEO'}]",Falcon 9,0,70.0,3.7,549054.0,CCSFS SLC 40,Florida,"(28.5618571, -80.577366)",JRTI,ASDS,Florida,"(28.4104, -80.6188)",Success
2021-03-14 10:01:00+00:00,Starlink-21 (v1.0),"[{'type': 'Satellite', 'mass': 15600, 'orbit': 'VLEO'}]",Falcon 9,0,70.0,3.7,549054.0,KSC LC 39A,Florida,"(28.6080585, -80.6039558)",OCISLY,ASDS,,"(33.7291858, -118.262015)",Success
2021-03-24 08:28:00+00:00,Starlink-22 (v1.0),"[{'type': 'Satellite', 'mass': 15600, 'orbit': 'VLEO'}]",Falcon 9,0,70.0,3.7,556404.5416666666,CCSFS SLC 40,Florida,"(28.5618571, -80.577366)",OCISLY,ASDS,California,"(33.7291858, -118.262015)",Success
2021-04-07 16:34:00+00:00,Starlink-23 (v1.0),"[{'type': 'Satellite', 'mass': 15600, 'orbit': 'VLEO'}]",Falcon 9,0,70.0,3.7,556404.5416666666,CCSFS SLC 40,Florida,"(28.5618571, -80.577366)",OCISLY,ASDS,California,"(33.7291858, -118.262015)",Success
2021-04-23 09:49:00+00:00,Crew-2,"[{'type': 'Crew Dragon', 'mass': None, 'orbit': 'ISS'}]",Falcon 9,0,70.0,3.806944444444444,549054.0,KSC LC 39A,Florida,"(28.6080585, -80.6039558)",OCISLY,ASDS,California,"(33.7291858, -118.262015)",Success
2021-04-29 03:44:00+00:00,Starlink-24 (v1.0),"[{'type': 'Satellite', 'mass': 15600, 'orbit': 'VLEO'}]",Falcon 9,0,70.0,3.7,549054.0,CCSFS SLC 40,Florida,"(28.5618571, -80.577366)",JRTI,ASDS,Florida,"(28.4104, -80.6188)",Success
2021-05-04 19:01:00+00:00,Starlink-25 (v1.0),"[{'type': 'Satellite', 'mass': 15600, 'orbit': 'VLEO'}]",Falcon 9,0,70.0,3.7,549054.0,KSC LC 39A,Florida,"(28.6080585, -80.6039558)",OCISLY,ASDS,California,"(33.7291858, -118.262015)",Success
2021-05-09 06:42:00+00:00,Starlink-27 (v1.0),"[{'type': 'Satellite', 'mass': 15600, 'orbit': 'VLEO'}]",Falcon 9,0,70.0,3.806944444444444,549054.0,CCSFS SLC 40,Florida,"(28.5618571, -80.577366)",OCISLY,ASDS,,"(33.7291858, -118.262015)",Success
2021-05-15 22:54:00+00:00,Starlink-26 (v1.0) + Capella-6 + Tyvak-0130,"[{'type': 'Satellite', 'mass': 13632, 'orbit': 'VLEO'}]",Falcon 9,0,70.0,3.806944444444444,556404.5416666666,KSC LC 39A,Florida,"(28.6080585, -80.6039558)",OCISLY,ASDS,,"(33.7291858, -118.262015)",Success
2021-05-26 18:59:00+00:00,Starlink-28 (v1.0),"[{'type': 'Satellite', 'mass': 15600, 'orbit': 'VLEO'}]",Falcon 9,0,70.0,3.806944444444444,549054.0,CCSFS SLC 40,Florida,"(28.5618571, -80.577366)",JRTI,ASDS,,"(28.4104, -80.6188)",Success
2021-06-03 17:29:00+00:00,CRS-22 & IROSA,"[{'type': 'Dragon 2.0', 'mass': 3328, 'orbit': 'ISS'}]",Falcon 9,0,70.0,3.7,549054.0,KSC LC 39A,Florida,"(28.6080585, -80.6039558)",OCISLY,ASDS,,"(33.7291858, -118.262015)",Success
2021-06-06 04:26:00+00:00,SXM-8,"[{'type': 'Satellite', 'mass': 7000, 'orbit': 'GTO'}]",Falcon 9,0,70.0,3.806944444444444,549054.0,CCSFS SLC 40,Florida,"(28.5618571, -80.577366)",JRTI,ASDS,Florida,"(28.4104, -80.6188)",Success
2021-06-17 16:09:00+00:00,GPS III SV05,"[{'type': 'Satellite', 'mass': 3681, 'orbit': 'MEO'}]",Falcon 9,0,70.0,3.806944444444444,556404.5416666666,CCSFS SLC 40,Florida,"(28.5618571, -80.577366)",JRTI,ASDS,Florida,"(28.4104, -80.6188)",Success
2021-06-30 19:31:00+00:00,Transporter-2,"[{'type': 'Satellite', 'mass': None, 'orbit': 'SSO'}]",Falcon 9,0,70.0,3.806944444444444,549054.0,CCSFS SLC 40,Florida,"(28.5618571, -80.577366)",LZ-1,RTLS,Florida,"(28.485833, -80.544444)",Success
2021-08-29 07:14:00+00:00,CRS-23,"[{'type': 'Dragon 2.0', 'mass': 2200, 'orbit': 'ISS'}]",Falcon 9,0,70.0,3.806944444444444,549054.0,KSC LC 39A,Florida,"(28.6080585, -80.6039558)",ASOG,ASDS,Florida,"(33.7291858, -118.262015)",Success
2021-09-14 03:55:00+00:00,Starlink 2-1 (v1.5),"[{'type': 'Satellite', 'mass': 15600, 'orbit': 'PO'}]",Falcon 9,0,70.0,3.806944444444444,549054.0,VAFB SLC 4E,California,"(34.632093, -120.610829)",OCISLY,ASDS,California,"(33.7291858, -118.262015)",Success
2021-09-16 00:02:00+00:00,Inspiration4,"[{'type': 'Crew Dragon', 'mass': 12519, 'orbit': 'LEO'}]",Falcon 9,0,70.0,3.806944444444444,549054.0,KSC LC 39A,Florida,"(28.6080585, -80.6039558)",JRTI,ASDS,Florida,"(28.4104, -80.6188)",Success
2021-11-11 02:03:00+00:00,Crew-3,"[{'type': 'Crew Dragon', 'mass': 12510, 'orbit': 'ISS'}]",Falcon 9,0,70.0,3.7,549054.0,KSC LC 39A,Florida,"(28.6080585, -80.6039558)",ASOG,ASDS,Florida,"(33.7291858, -118.262015)",Success
2021-11-13 12:40:00+00:00,Starlink 4-1 (v1.5),"[{'type': 'Satellite', 'mass': 15635, 'orbit': 'LEO'}]",Falcon 9,0,70.0,3.7,556404.5416666666,CCSFS SLC 40,Florida,"(28.5618571, -80.577366)",JRTI,ASDS,Florida,"(28.4104, -80.6188)",Success
2021-11-24 06:20:00+00:00,DART,"[{'type': 'Satellite', 'mass': 670, 'orbit': 'TLI'}]",Falcon 9,0,70.0,3.7,549054.0,VAFB SLC 4E,California,"(34.632093, -120.610829)",OCISLY,ASDS,California,"(33.7291858, -118.262015)",Success
2021-12-01 23:20:00+00:00,Starlink 4-3 (v1.5),"[{'type': 'Satellite', 'mass': 11260, 'orbit': 'PO'}]",Falcon 9,0,70.0,3.7,549054.0,CCSFS SLC 40,Florida,"(28.5618571, -80.577366)",ASOG,ASDS,Florida,"(33.7291858, -118.262015)",Success
2021-12-09 06:00:00+00:00,IXPE,"[{'type': 'Satellite', 'mass': 325, 'orbit': 'LEO'}]",Falcon 9,0,70.0,3.7,549054.0,KSC LC 39A,Florida,"(28.6080585, -80.6039558)",JRTI,ASDS,,"(28.4104, -80.6188)",Success
2021-12-18 12:41:40+00:00,Starlink 4-4 (v1.5),"[{'type': 'Satellite', 'mass': 13470, 'orbit': 'PO'}]",Falcon 9,0,70.0,3.7,549054.0,VAFB SLC 4E,California,"(34.632093, -120.610829)",OCISLY,ASDS,California,"(33.7291858, -118.262015)",Success
2021-12-19 03:58:00+00:00,Türksat 5B,"[{'type': 'Satellite', 'mass': 3500, 'orbit': 'GTO'}]",Falcon 9,0,70.0,3.7,549054.0,CCSFS SLC 40,Florida,"(28.5618571, -80.577366)",ASOG,ASDS,Florida,"(33.7291858, -118.262015)",Success
2021-12-21 10:06:00+00:00,CRS-24,"[{'type': 'Dragon 2.0', 'mass': 2989, 'orbit': 'ISS'}]",Falcon 9,0,70.0,3.7,549054.0,KSC LC 39A,Florida,"(28.6080585, -80.6039558)",JRTI,ASDS,,"(28.4104, -80.6188)",Success
2022-01-06 21:49:00+00:00,Starlink 4-5 (v1.5),"[{'type': 'Satellite', 'mass': 14356, 'orbit': 'VLEO'}]",Falcon 9,0,70.0,3.7,556404.5416666666,KSC LC 39A,Florida,"(28.6080585, -80.6039558)",ASOG,ASDS,Florida,"(33.7291858, -118.262015)",Success
2022-01-13 15:25:00+00:00,Transporter-3,"[{'type': 'Satellite', 'mass': None, 'orbit': 'LEO'}]",Falcon 9,0,70.0,3.7,549054.0,CCSFS SLC 40,Florida,"(28.5618571, -80.577366)",LZ-1,RTLS,Florida,"(28.485833, -80.544444)",Success
2022-01-19 00:04:00+00:00,Starlink 4-6 (v1.5),"[{'type': 'Satellite', 'mass': 13260, 'orbit': 'VLEO'}]",Falcon 9,0,70.0,3.7,549054.0,KSC LC 39A,Florida,"(28.6080585, -80.6039558)",ASOG,ASDS,,"(33.7291858, -118.262015)",Success
2022-01-31 23:11:12+00:00,CSG-2,"[{'type': 'Satellite', 'mass': 2240, 'orbit': 'SSO'}]",Falcon 9,0,70.0,3.806944444444444,549054.0,CCSFS SLC 40,Florida,"(28.5618571, -80.577366)",LZ-1,RTLS,,"(28.485833, -80.544444)",Success
2022-02-02 20:18:00+00:00,NROL-87,"[{'type': 'Satellite', 'mass': None, 'orbit': 'LEO'}]",Falcon 9,0,70.0,3.806944444444444,549054.0,VAFB SLC 4E,California,"(34.632093, -120.610829)",LZ-4,RTLS,,"(34.632989, -120.615167)",Success
2022-02-03 18:13:00+00:00,Starlink 4-7 (v1.5),"[{'type': 'Satellite', 'mass': 14260, 'orbit': 'VLEO'}]",Falcon 9,0,70.0,3.806944444444444,549054.0,KSC LC 39A,Florida,"(28.6080585, -80.6039558)",ASOG,ASDS,Florida,"(33.7291858, -118.262015)",Success
2022-02-21 14:44:00+00:00,Starlink 4-8 (v1.5),"[{'type': 'Satellite', 'mass': 12730, 'orbit': 'VLEO'}]",Falcon 9,0,70.0,3.7,549054.0,CCSFS SLC 40,Florida,"(28.5618571, -80.577366)",ASOG,ASDS,,"(33.7291858, -118.262015)",Success
2022-02-25 17:12:00+00:00,Starlink 4-11 (v1.5),"[{'type': 'Satellite', 'mass': 14760, 'orbit': 'VLEO'}]",Falcon 9,0,70.0,3.7,556404.5416666666,VAFB SLC 4E,California,"(34.632093, -120.610829)",OCISLY,ASDS,,"(33.7291858, -118.262015)",Success
2022-03-03 14:35:00+00:00,Starlink 4-9 (v1.5),"[{'type': 'Satellite', 'mass': 13960, 'orbit': 'VLEO'}]",Falcon 9,0,70.0,3.806944444444444,549054.0,KSC LC 39A,Florida,"(28.6080585, -80.6039558)",JRTI,ASDS,,"(28.4104, -80.6188)",Success
2022-03-09 13:45:00+00:00,Starlink 4-10 (v1.5),"[{'type': 'Satellite', 'mass': 14160, 'orbit': 'VLEO'}]",Falcon 9,0,70.0,3.7,556404.5416666666,CCSFS SLC 40,Florida,"(28.5618571, -80.577366)",ASOG,ASDS,Florida,"(33.7291858, -118.262015)",Success
2022-03-19 03:24:00+00:00,Starlink 4-12 (v1.5),"[{'type': 'Satellite', 'mass': 16250, 'orbit': 'VLEO'}]",Falcon 9,0,70.0,3.7,549054.0,CCSFS SLC 40,Florida,"(28.5618571, -80.577366)",JRTI,ASDS,Florida,"(28.4104, -80.6188)",Success
2022-04-01 16:24:00+00:00,Transporter-4,"[{'type': 'Satellite', 'mass': 12690, 'orbit': 'SSO'}]",Falcon 9,0,70.0,3.7,549054.0,CCSFS SLC 40,Florida,"(28.5618571, -80.577366)",JRTI,ASDS,Florida,"(28.4104, -80.6188)",Success
2022-04-08 15:17:00+00:00,Ax-1,"[{'type': 'Dragon 2.0', 'mass': 13400, 'orbit': 'ISS'}]",Falcon 9,0,70.0,3.7,549054.0,KSC LC 39A,Florida,"(28.6080585, -80.6039558)",ASOG,ASDS,Florida,"(33.7291858, -118.262015)",Success
2022-04-17 13:13:00+00:00,NROL-85,"[{'type': 'Satellite', 'mass': 4567, 'orbit': 'LEO'}]",Falcon 9,0,70.0,3.7,556404.5416666666,VAFB SLC 4E,California,"(34.632093, -120.610829)",LZ-4,RTLS,California,"(34.632989, -120.615167)",Success
2022-04-21 15:16:00+00:00,Starlink 4-14 (v1.5),"[{'type': 'Satellite', 'mass': 16145, 'orbit': 'VLEO'}]",Falcon 9,0,70.0,3.7,549054.0,CCSFS SLC 40,Florida,"(28.5618571, -80.577366)",JRTI,ASDS,,"(28.4104, -80.6188)",Success
2022-04-27 07:52:00+00:00,Crew-4,"[{'type': 'Crew Dragon', 'mass': 12756, 'orbit': 'ISS'}]",Falcon 9,0,70.0,3.7,549054.0,KSC LC 39A,Florida,"(28.6080585, -80.6039558)",ASOG,ASDS,,"(33.7291858, -118.262015)",Success
2022-04-29 21:27:00+00:00,Starlink 4-16 (v1.5),"[{'type': 'Satellite', 'mass': 16070, 'orbit': 'VLEO'}]",Falcon 9,0,70.0,3.7,556404.5416666666,CCSFS SLC 40,Florida,"(28.5618571, -80.577366)",JRTI,ASDS,,"(28.4104, -80.6188)",Success
2022-05-06 09:42:00+00:00,Starlink 4-17 (v1.5),"[{'type': 'Satellite', 'mass': 16795, 'orbit': 'VLEO'}]",Falcon 9,0,70.0,3.7,549054.0,KSC LC 39A,Florida,"(28.6080585, -80.6039558)",ASOG,ASDS,Florida,"(33.7291858, -118.262015)",Success
2022-05-13 22:07:00+00:00,Starlink 4-13 (v1.5),"[{'type': 'Satellite', 'mass': 13255, 'orbit': 'VLEO'}]",Falcon 9,0,70.0,3.7,549054.0,VAFB SLC 4E,California,"(34.632093, -120.610829)",OCISLY,ASDS,California,"(33.7291858, -118.262015)",Success
2022-05-14 20:40:00+00:00,Starlink 4-15 (v1.5),"[{'type': 'Satellite', 'mass': 13275, 'orbit': 'VLEO'}]",Falcon 9,0,70.0,3.806944444444444,549054.0,CCSFS SLC 40,Florida,"(28.5618571, -80.577366)",JRTI,ASDS,,"(28.4104, -80.6188)",Success
2022-05-18 10:40:00+00:00,Starlink 4-18 (v1.5),"[{'type': 'Satellite', 'mass': 13216, 'orbit': 'VLEO'}]",Falcon 9,0,70.0,3.7,549054.0,KSC LC 39A,Florida,"(28.6080585, -80.6039558)",ASOG,ASDS,Florida,"(33.7291858, -118.262015)",Success
2022-05-25 18:27:00+00:00,Transporter-5,"[{'type': 'Satellite', 'mass': None, 'orbit': 'SSO'}]",Falcon 9,0,70.0,3.7,549054.0,CCSFS SLC 40,Florida,"(28.5618571, -80.577366)",LZ-1,RTLS,Florida,"(28.485833, -80.544444)",Success
2022-06-08 21:04:00+00:00,Nilesat-301,"[{'type': 'Satellite', 'mass': 3938, 'orbit': 'GEO'}]",Falcon 9,0,70.0,3.806944444444444,549054.0,CCSFS SLC 40,Florida,"(28.5618571, -80.577366)",JRTI,ASDS,,"(28.4104, -80.6188)",Success
2022-06-01 17:08:50+00:00,Starlink 4-19 (v1.5),"[{'type': 'Satellite', 'mass': 13260, 'orbit': 'VLEO'}]",Falcon 9,0,70.0,3.7,549054.0,KSC LC 39A,Florida,"(28.6080585, -80.6039558)",ASOG,ASDS,Florida,"(33.7291858, -118.262015)",Success
2022-06-18 14:19:00+00:00,SARah 1,"[{'type': 'Satellite', 'mass': 2200, 'orbit': 'SSO'}]",Falcon 9,0,70.0,3.806944444444444,549054.0,VAFB SLC 4E,California,"(34.632093, -120.610829)",LZ-4,RTLS,California,"(34.632989, -120.615167)",Success
2022-06-19 04:27:00+00:00,Globalstar FM15,"[{'type': 'Satellite', 'mass': 650, 'orbit': 'LEO'}]",Falcon 9,0,70.0,3.7,549054.0,CCSFS SLC 40,Florida,"(28.5618571, -80.577366)",JRTI,ASDS,,"(28.4104, -80.6188)",Success
2022-06-29 21:04:00+00:00,SES-22,"[{'type': 'Satellite', 'mass': 3369, 'orbit': 'MEO'}]",Falcon 9,0,70.0,3.7,556404.5416666666,CCSFS SLC 40,Florida,"(28.5618571, -80.577366)",ASOG,ASDS,Florida,"(33.7291858, -118.262015)",Success
2022-07-07 13:11:00+00:00,Starlink 4-21 (v1.5),"[{'type': 'Satellite', 'mass': 13260, 'orbit': 'VLEO'}]",Falcon 9,0,70.0,3.806944444444444,556404.5416666666,CCSFS SLC 40,Florida,"(28.5618571, -80.577366)",JRTI,ASDS,Florida,"(28.4104, -80.6188)",Success
2022-07-11 01:39:00+00:00,Starlink 3-1 (v1.5),"[{'type': 'Satellite', 'mass': 13260, 'orbit': 'VLEO'}]",Falcon 9,0,70.0,3.806944444444444,549054.0,VAFB SLC 4E,California,"(34.632093, -120.610829)",OCISLY,ASDS,California,"(33.7291858, -118.262015)",Success
2022-07-15 00:44:00+00:00,CRS-25,"[{'type': 'Dragon 2.0', 'mass': None, 'orbit': 'ISS'}]",Falcon 9,0,70.0,3.7,549054.0,KSC LC 39A,Florida,"(28.6080585, -80.6039558)",ASOG,ASDS,Florida,"(33.7291858, -118.262015)",Success
2022-07-17 14:50:00+00:00,Starlink 4-22 (v1.5),"[{'type': 'Satellite', 'mass': 13260, 'orbit': 'VLEO'}]",Falcon 9,0,70.0,3.806944444444444,549054.0,CCSFS SLC 40,Florida,"(28.5618571, -80.577366)",JRTI,ASDS,Florida,"(28.4104, -80.6188)",Success
2022-07-21 17:13:00+00:00,Starlink 3-2 (v1.5),"[{'type': 'Satellite', 'mass': 14100, 'orbit': 'VLEO'}]",Falcon 9,0,70.0,3.806944444444444,549054.0,VAFB SLC 4E,California,"(34.632093, -120.610829)",OCISLY,ASDS,California,"(33.7291858, -118.262015)",Success
2022-07-24 00:00:00+00:00,Starlink 4-25 (v1.5),"[{'type': 'Satellite', 'mass': 13260, 'orbit': 'VLEO'}]",Falcon 9,0,70.0,3.7,549054.0,CCSFS SLC 40,Florida,"(28.5618571, -80.577366)",ASOG,ASDS,Florida,"(33.7291858, -118.262015)",Success
2022-08-04 23:08:00+00:00,KPLO,"[{'type': 'Satellite', 'mass': 678, 'orbit': 'TLI'}]",Falcon 9,0,70.0,3.7,549054.0,CCSFS SLC 40,Florida,"(28.5618571, -80.577366)",JRTI,ASDS,Florida,"(28.4104, -80.6188)",Success
2022-08-09 22:57:00+00:00,Starlink 4-26 (v1.5),"[{'type': 'Satellite', 'mass': 13260, 'orbit': 'VLEO'}]",Falcon 9,0,70.0,3.7,549054.0,KSC LC 39A,Florida,"(28.6080585, -80.6039558)",ASOG,ASDS,,"(33.7291858, -118.262015)",Success
2022-08-12 21:30:00+00:00,Starlink 3-3 (v1.5),"[{'type': 'Satellite', 'mass': 13260, 'orbit': 'VLEO'}]",Falcon 9,0,70.0,3.7,556404.5416666666,VAFB SLC 4E,California,"(34.632093, -120.610829)",OCISLY,ASDS,California,"(33.7291858, -118.262015)",Success
2022-08-19 19:24:00+00:00,Starlink 4-27 (v1.5),"[{'type': 'Satellite', 'mass': 16000, 'orbit': 'VLEO'}]",Falcon 9,0,70.0,3.7,549054.0,CCSFS SLC 40,Florida,"(28.5618571, -80.577366)",ASOG,ASDS,Florida,"(33.7291858, -118.262015)",Success
2022-08-28 02:22:00+00:00,Starlink 4-23 (v1.5),"[{'type': 'Satellite', 'mass': 13260, 'orbit': 'VLEO'}]",Falcon 9,0,70.0,3.806944444444444,549054.0,KSC LC 39A,Florida,"(28.6080585, -80.6039558)",ASOG,ASDS,Florida,"(33.7291858, -118.262015)",Success
2022-08-31 05:40:00+00:00,Starlink 3-4 (v1.5),"[{'type': 'Satellite', 'mass': 13260, 'orbit': 'VLEO'}]",Falcon 9,0,70.0,3.806944444444444,549054.0,VAFB SLC 4E,California,"(34.632093, -120.610829)",OCISLY,ASDS,California,"(33.7291858, -118.262015)",Success
2022-09-05 02:09:00+00:00,Starlink 4-20 (v1.5) & Sherpa LTC-2/Varuna-TDM,"[{'type': 'Satellite', 'mass': 13260, 'orbit': 'VLEO'}, {'type': 'Satellite', 'mass': 180, 'orbit': 'VLEO'}]",Falcon 9,0,70.0,3.7,549054.0,CCSFS SLC 40,Florida,"(28.5618571, -80.577366)",JRTI,ASDS,Florida,"(28.4104, -80.6188)",Success
2022-09-11 01:10:00+00:00,Starlink 4-2 (v1.5) & Blue Walker 3,"[{'type': 'Satellite', 'mass': 14760, 'orbit': 'VLEO'}]",Falcon 9,0,70.0,3.7,556404.5416666666,KSC LC 39A,Florida,"(28.6080585, -80.6039558)",ASOG,ASDS,Florida,"(33.7291858, -118.262015)",Success
2022-09-17 01:05:00+00:00,Starlink 4-34 (v1.5),"[{'type': 'Satellite', 'mass': 16100, 'orbit': 'VLEO'}]",Falcon 9,0,70.0,3.7,549054.0,CCSFS SLC 40,Florida,"(28.5618571, -80.577366)",JRTI,ASDS,Florida,"(28.4104, -80.6188)",Success
2022-09-24 23:30:00+00:00,Starlink 4-35 (v1.5),"[{'type': 'Satellite', 'mass': 13260, 'orbit': 'VLEO'}]",Falcon 9,0,70.0,3.7,556404.5416666666,CCSFS SLC 40,Florida,"(28.5618571, -80.577366)",JRTI,ASDS,Florida,"(28.4104, -80.6188)",Success
2022-10-05 16:00:00+00:00,Crew-5,"[{'type': 'Crew Dragon', 'mass': None, 'orbit': 'ISS'}]",Falcon 9,0,70.0,3.7,549054.0,KSC LC 39A,Florida,"(28.6080585, -80.6039558)",JRTI,ASDS,,"(28.4104, -80.6188)",Success
2022-11-01 13:41:00+00:00,USSF-44,"[{'type': 'Satellite', 'mass': 3700, 'orbit': 'GTO'}]",Falcon Heavy,2,70.0,3.806944444444444,556404.5416666666,KSC LC 39A,Florida,"(28.6080585, -80.6039558)",,,,"(nan, nan)",Success
2022-10-20 14:50:00+00:00,Starlink 4-36 (v1.5),"[{'type': 'Satellite', 'mass': 13260, 'orbit': 'VLEO'}]",Falcon 9,0,70.0,3.7,549054.0,CCSFS SLC 40,Florida,"(28.5618571, -80.577366)",,,,"(nan, nan)",Success
2022-10-08 23:05:00+00:00,Galaxy 33 (15R) & 34 (12R),"[{'type': 'Satellite', 'mass': 7350, 'orbit': 'GTO'}]",Falcon 9,0,70.0,3.806944444444444,556404.5416666666,CCSFS SLC 40,Florida,"(28.5618571, -80.577366)",,,,"(nan, nan)",Success
2022-10-15 05:22:00+00:00,Hotbird 13F,"[{'type': 'Satellite', 'mass': 4501, 'orbit': 'GTO'}]",Falcon 9,0,70.0,3.7,549054.0,CCSFS SLC 40,Florida,"(28.5618571, -80.577366)",,,,"(nan, nan)",Success
2022-11-03 03:24:00+00:00,Hotbird 13G,"[{'type': 'Satellite', 'mass': 4351, 'orbit': 'GTO'}]",Falcon 9,0,70.0,3.806944444444444,556404.5416666666,CCSFS SLC 40,Florida,"(28.5618571, -80.577366)",,,,"(nan, nan)",Success
2022-11-08 00:00:00+00:00,Galaxy 31 (23R) & 32 (17R),"[{'type': 'Satellite', 'mass': 6600, 'orbit': 'GTO'}]",Falcon 9,0,70.0,3.7,549054.0,CCSFS SLC 40,Florida,"(28.5618571, -80.577366)",,,,"(nan, nan)",Success
2022-11-15 00:00:00+00:00,Eutelsat 10B,"[{'type': 'Satellite', 'mass': 5510, 'orbit': 'GTO'}]",Falcon 9,0,70.0,3.806944444444444,549054.0,CCSFS SLC 40,Florida,"(28.5618571, -80.577366)",,,,"(nan, nan)",Success
2022-11-22 00:00:00+00:00,ispace Mission 1 & Rashid,"[{'type': 'Satellite', 'mass': 5500, 'orbit': 'GTO'}]",Falcon 9,0,70.0,3.7,556404.5416666666,CCSFS SLC 40,Florida,"(28.5618571, -80.577366)",,,,"(nan, nan)",Success
2022-11-18 22:00:00+00:00,CRS-26,[],Falcon 9,0,70.0,3.7,549054.0,KSC LC 39A,Florida,"(28.6080585, -80.6039558)",,,,"(nan, nan)",Success
2022-11-01 00:00:00+00:00,Starlink 4-37 (v1.5),"[{'type': 'Satellite', 'mass': 3750, 'orbit': 'GTO'}]",Falcon 9,0,70.0,3.806944444444444,549054.0,CCSFS SLC 40,Florida,"(28.5618571, -80.577366)",,,,"(nan, nan)",Success
2022-11-01 00:00:00+00:00,"O3b mPower 1,2","[{'type': 'Satellite', 'mass': 5100, 'orbit': 'MEO'}]",Falcon 9,0,70.0,3.7,549054.0,CCSFS SLC 40,Florida,"(28.5618571, -80.577366)",,,,"(nan, nan)",Success
2022-12-05 00:00:00+00:00,SWOT,"[{'type': 'Satellite', 'mass': 6000, 'orbit': 'LEO'}]",Falcon 9,0,70.0,3.7,549054.0,VAFB SLC 4E,California,"(34.632093, -120.610829)",,,,"(nan, nan)",Success
2022-11-01 00:00:00+00:00,SES-18 & SES-19,"[{'type': 'Satellite', 'mass': 1001, 'orbit': 'BLT'}]",Falcon 9,0,70.0,3.7,549054.0,CCSFS SLC 40,Florida,"(28.5618571, -80.577366)",,,,"(nan, nan)",Success
2022-12-01 00:00:00+00:00,Transporter-6,[],Falcon 9,0,70.0,3.7,549054.0,CCSFS SLC 40,Florida,"(28.5618571, -80.577366)",,,,"(nan, nan)",Success
2022-12-01 00:00:00+00:00,TTL-1,"[{'type': 'Satellite', 'mass': None, 'orbit': 'PO'}]",Falcon 9,0,70.0,3.806944444444444,549054.0,VAFB SLC 4E,California,"(34.632093, -120.610829)",,,,"(nan, nan)",Success
2022-12-01 00:00:00+00:00,WorldView Legion 1 & 2,"[{'type': 'Satellite', 'mass': None, 'orbit': 'SSO'}]",Falcon 9,0,70.0,3.806944444444444,549054.0,CCSFS SLC 40,Florida,"(28.5618571, -80.577366)",,,,"(nan, nan)",Success
2022-12-01 00:00:00+00:00,Viasat-3 & Arcturus,[],Falcon Heavy,2,70.0,3.806944444444444,1420788.0,KSC LC 39A,Florida,"(28.6080585, -80.6039558)",,,,"(nan, nan)",Success
2022-12-01 00:00:00+00:00,O3b mPower 3.4,"[{'type': 'Satellite', 'mass': 5100, 'orbit': 'MEO'}]",Falcon 9,0,70.0,3.806944444444444,556404.5416666666,CCSFS SLC 40,Florida,"(28.5618571, -80.577366)",,,,"(nan, nan)",Success
